profile,id,position,views,pinned,likes,comments,reposts,duration,publishedLabel,source,observed,rounded
"creators","Dc6O2ryRBP9",1,1200000,"nao_verificado",9100,30,52,50.933333,"3 horas","https://www.instagram.com/creators/reel/Dc6O2ryRBP9/","2026-09-05",true
"creators","Dc3365URuWi",2,21600000,"nao_verificado","","","","","","https://www.instagram.com/creators/reel/Dc3365URuWi/","2026-09-05",true
"creators","Dc3qMrJxJcp",3,9600000,"nao_verificado",33500,591,447,41.7,"1 dia","https://www.instagram.com/creators/reel/Dc3qMrJxJcp/","2026-09-05",true
"creators","Dcy6IbAhtbw",4,11500000,"nao_verificado","","","","","","https://www.instagram.com/creators/reel/Dcy6IbAhtbw/","2026-09-05",true
"creators","Dct4pAohiup",5,14900000,"nao_verificado",44600,1300,797,35.176779,"4 dias","https://www.instagram.com/creators/reel/Dct4pAohiup/","2026-09-05",true
"creators","Dco1jV8RlSO",6,3400000,"nao_verificado","","","","","","https://www.instagram.com/creators/reel/Dco1jV8RlSO/","2026-09-05",true
"creators","Dcl3b2LR6NC",7,32900000,"nao_verificado",161300,4300,12100,10.733333,"2026-08-28","https://www.instagram.com/creators/reel/Dcl3b2LR6NC/","2026-09-05",true
"creators","DcjmIf7hzeL",8,12900000,"nao_verificado","","","","","","https://www.instagram.com/creators/reel/DcjmIf7hzeL/","2026-09-05",true
"creators","DcjXuN2Rmms",9,19800000,"nao_verificado","","","","","","https://www.instagram.com/creators/reel/DcjXuN2Rmms/","2026-09-05",true
"creators","DcgfGiLxmr3",10,14900000,"nao_verificado","","","","","","https://www.instagram.com/creators/reel/DcgfGiLxmr3/","2026-09-05",true
"creators","DcbVjJlxcrV",11,14800000,"nao_verificado","","","","","","https://www.instagram.com/creators/reel/DcbVjJlxcrV/","2026-09-05",true
"creators","DcWLWLRRb00",12,3700000,"nao_verificado","","","","","","https://www.instagram.com/creators/reel/DcWLWLRRb00/","2026-09-05",true
"creators","DcTnVkrRDFI",13,32000000,"nao_verificado","","","","","","https://www.instagram.com/creators/reel/DcTnVkrRDFI/","2026-09-05",true
"creators","DcRcZzhPGYV",14,50500000,"nao_verificado",111400,7900,2700,65.1,"2026-08-20","https://www.instagram.com/creators/reel/DcRcZzhPGYV/","2026-09-05",true
"creators","DcOecwpRbfi",15,14300000,"nao_verificado","","","","","","https://www.instagram.com/creators/reel/DcOecwpRbfi/","2026-09-05",true
"creators","DcMFvawPPIl",16,62300000,"nao_verificado",193900,2100,8000,52.173786,"2026-08-18","https://www.instagram.com/creators/reel/DcMFvawPPIl/","2026-09-05",true
"creators","DcJoXFMxTwb",17,12400000,"nao_verificado","","","","","","https://www.instagram.com/creators/reel/DcJoXFMxTwb/","2026-09-05",true
"creators","DcGt3qnR5gc",18,4500000,"nao_verificado","","","","","","https://www.instagram.com/creators/reel/DcGt3qnR5gc/","2026-09-05",true
"creators","DcEGxxsRmou",19,4200000,"nao_verificado","","","","","","https://www.instagram.com/creators/reel/DcEGxxsRmou/","2026-09-05",true
"creators","DcBimt1PU44",20,32100000,"nao_verificado","","","","","","https://www.instagram.com/creators/reel/DcBimt1PU44/","2026-09-05",true
"creators","Db9ZubXxMt3",21,17100000,"nao_verificado","","","","","","https://www.instagram.com/creators/reel/Db9ZubXxMt3/","2026-09-05",true
"creators","Db8ZTTgxN1w",22,13500000,"nao_verificado","","","","","","https://www.instagram.com/creators/reel/Db8ZTTgxN1w/","2026-09-05",true
"creators","Db3kiyUPv-J",23,10300000,"nao_verificado","","","","","","https://www.instagram.com/creators/reel/Db3kiyUPv-J/","2026-09-05",true
"creators","Db0smrAxELY",24,8500000,"nao_verificado","","","","","","https://www.instagram.com/creators/reel/Db0smrAxELY/","2026-09-05",true
"moonsol.design","DRjjvOogSZg",1,8400000,"sim",580300,221,12000,32.020317,"2025-11-27","https://www.instagram.com/moonsol.design/reel/DRjjvOogSZg/","2026-09-05",true
"moonsol.design","DQBrO73gf-S",2,4200000,"sim",246200,207,5800,14.326712,"2025-10-20","https://www.instagram.com/moonsol.design/reel/DQBrO73gf-S/","2026-09-05",true
"moonsol.design","DSUcRaKAXYb",3,2600000,"sim","","","","","","https://www.instagram.com/moonsol.design/reel/DSUcRaKAXYb/","2026-09-05",true
"moonsol.design","Dcys2J3MfYK",4,162000,"nao",767,6,6,53.733333,"3 dias","https://www.instagram.com/moonsol.design/reel/Dcys2J3MfYK/","2026-09-05",true
"moonsol.design","DcxuG6fIxZ-",5,296000,"nao",3300,16,93,39.133333,"3 dias","https://www.instagram.com/moonsol.design/reel/DcxuG6fIxZ-/","2026-09-05",true
"moonsol.design","Dct4pAohiup",6,14900000,"nao",44600,1300,797,35.176779,"4 dias","https://www.instagram.com/moonsol.design/reel/Dct4pAohiup/","2026-09-05",true
"moonsol.design","DclPjrWobib",7,240000,"nao","","","","","","https://www.instagram.com/moonsol.design/reel/DclPjrWobib/","2026-09-05",true
"moonsol.design","Dci8v9Ooe4a",8,216000,"nao","","","","","","https://www.instagram.com/moonsol.design/reel/Dci8v9Ooe4a/","2026-09-05",true
"moonsol.design","Dcf_4j9oj9B",9,463000,"nao","","","","","","https://www.instagram.com/moonsol.design/reel/Dcf_4j9oj9B/","2026-09-05",true
"moonsol.design","DcdfCb9SW8F",10,657000,"nao",1100,5,21,49.266667,"2026-08-25","https://www.instagram.com/moonsol.design/reel/DcdfCb9SW8F/","2026-09-05",true
"moonsol.design","DcV1NOJoKK6",11,230000,"nao","","","","","","https://www.instagram.com/moonsol.design/reel/DcV1NOJoKK6/","2026-09-05",true
"moonsol.design","DcTMuQhI8rB",12,228000,"nao","","","","","","https://www.instagram.com/moonsol.design/reel/DcTMuQhI8rB/","2026-09-05",true
"moonsol.design","DcRAg09ocE1",13,303000,"nao","","","","","","https://www.instagram.com/moonsol.design/reel/DcRAg09ocE1/","2026-09-05",true
"moonsol.design","DcLZ0ZQIr1x",14,778000,"nao","","","","","","https://www.instagram.com/moonsol.design/reel/DcLZ0ZQIr1x/","2026-09-05",true
"moonsol.design","DcGP4OMoYUp",15,537000,"nao","","","","","","https://www.instagram.com/moonsol.design/reel/DcGP4OMoYUp/","2026-09-05",true
"moonsol.design","DcDsvf3oaeT",16,211000,"nao","","","","","","https://www.instagram.com/moonsol.design/reel/DcDsvf3oaeT/","2026-09-05",true
"moonsol.design","DcBSdgtyZ9s",17,230000,"nao","","","","","","https://www.instagram.com/moonsol.design/reel/DcBSdgtyZ9s/","2026-09-05",true
"moonsol.design","Db-4eNGBNO2",18,231000,"nao","","","","","","https://www.instagram.com/moonsol.design/reel/Db-4eNGBNO2/","2026-09-05",true
"moonsol.design","Db5bIWfIR4l",19,224000,"nao","","","","","","https://www.instagram.com/moonsol.design/reel/Db5bIWfIR4l/","2026-09-05",true
"moonsol.design","Db2zPhdo5b_",20,783000,"nao",17000,32,417,36.9,"2026-08-10","https://www.instagram.com/moonsol.design/reel/Db2zPhdo5b_/","2026-09-05",true
"moonsol.design","Db0cOfvokWb",21,"","nao","","","","","","https://www.instagram.com/moonsol.design/reel/Db0cOfvokWb/","2026-09-05",true
"moonsol.design","DbvGD-Ioh4l",22,274000,"nao","","","","","","https://www.instagram.com/moonsol.design/reel/DbvGD-Ioh4l/","2026-09-05",true
"moonsol.design","DbslD4LIsMQ",23,305000,"nao","","","","","","https://www.instagram.com/moonsol.design/reel/DbslD4LIsMQ/","2026-09-05",true
"moonsol.design","DbqSb5YoNvC",24,458000,"nao","","","","","","https://www.instagram.com/moonsol.design/reel/DbqSb5YoNvC/","2026-09-05",true
